ID,TENNAT_ID,VERSION_NO,CREATED_AT,CREATED_BY,MODIFIED_AT,MODIFIED_BY,LOCATION_ID,SOURCE_ID,TREATMENT_ID,PO_NUMBER,NOTES,CLOSED,CLOSED_AT,CLOSED_BY
1,1000,1,2012/3/1 13:00:00,user001,2012/3/1 13:00:00,user001,1,100,100,1234567,This is a note 1,FALSE,,
2,2000,1,2012/3/1 13:00:01,user002,2012/3/1 13:00:01,user002,1,101,101,1234568,This is a note 2,FALSE,,
3,3000,1,2012/3/1 13:00:02,user003,2012/3/1 13:00:02,user003,2,102,102,1234569,This is a note 3,FALSE,,
4,4000,1,2012/3/1 13:00:03,user004,2012/3/1 13:00:03,user004,2,100,100,1234570,This is a note 4,FALSE,,
5,5000,1,2012/3/1 13:00:04,user005,2012/3/1 13:00:04,user005,3,101,101,1234571,This is a note 5,FALSE,,
6,6000,1,2012/3/1 13:00:05,user006,2012/3/1 13:00:05,user006,3,101,101,1234572,This is a note 6,FALSE,,
7,7000,1,2012/3/1 13:00:06,user007,2012/3/1 13:00:06,user007,2,102,102,1234573,This is a note 7,FALSE,,
8,8000,1,2012/3/1 13:00:07,user008,2012/3/1 13:00:07,user008,2,103,103,1234574,This is a note 8,FALSE,,
9,9000,1,2012/3/1 13:00:08,user009,2012/3/1 13:00:08,user009,3,101,101,1234575,This is a note 9,FALSE,,
10,10000,1,2012/3/1 13:00:09,user010,2012/3/1 13:00:09,user010,3,102,102,1234576,This is a note 10,FALSE,,
11,11000,1,2012/3/1 13:00:10,user011,2012/3/1 13:00:10,user011,4,102,102,1234577,This is a note 11,FALSE,,
12,12000,1,2012/3/1 13:00:11,user012,2012/3/1 13:00:11,user012,4,103,103,1234578,This is a note 12,FALSE,,
13,13000,1,2012/3/1 13:00:12,user013,2012/3/1 13:00:12,user013,3,104,104,1234579,This is a note 13,FALSE,,
14,14000,1,2012/3/1 13:00:13,user014,2012/3/1 13:00:13,user014,3,102,102,1234580,This is a note 14,FALSE,,
15,15000,1,2012/3/1 13:00:14,user015,2012/3/1 13:00:14,user015,4,103,103,1234581,This is a note 15,FALSE,,
16,16000,1,2012/3/1 13:00:15,user016,2012/3/1 13:00:15,user016,4,103,103,1234582,This is a note 16,FALSE,,
17,17000,1,2012/3/1 13:00:16,user017,2012/3/1 13:00:16,user017,5,104,104,1234583,This is a note 17,FALSE,,
18,18000,1,2012/3/1 13:00:17,user018,2012/3/1 13:00:17,user018,5,105,105,1234584,This is a note 18,FALSE,,
19,19000,1,2012/3/1 13:00:18,user019,2012/3/1 13:00:18,user019,4,103,103,1234585,This is a note 19,FALSE,,
20,20000,1,2012/3/1 13:00:19,user020,2012/3/1 13:00:19,user020,4,104,104,1234586,This is a note 20,FALSE,,
21,21000,1,2012/3/1 13:00:20,user021,2012/3/1 13:00:20,user021,5,104,104,1234587,This is a note 21,FALSE,,
22,22000,1,2012/3/1 13:00:21,user022,2012/3/1 13:00:21,user022,5,105,105,1234588,This is a note 22,FALSE,,
23,23000,1,2012/3/1 13:00:22,user023,2012/3/1 13:00:22,user023,6,106,106,1234589,This is a note 23,FALSE,,
24,24000,1,2012/3/1 13:00:23,user024,2012/3/1 13:00:23,user024,6,104,104,1234590,This is a note 24,FALSE,,
25,25000,1,2012/3/1 13:00:24,user025,2012/3/1 13:00:24,user025,5,105,105,1234591,This is a note 25,FALSE,,
26,26000,1,2012/3/1 13:00:25,user026,2012/3/1 13:00:25,user026,5,105,105,1234592,This is a note 26,FALSE,,
27,27000,1,2012/3/1 13:00:26,user027,2012/3/1 13:00:26,user027,6,106,106,1234593,This is a note 27,FALSE,,
28,28000,1,2012/3/1 13:00:27,user028,2012/3/1 13:00:27,user028,6,107,107,1234594,This is a note 28,FALSE,,
29,29000,1,2012/3/1 13:00:28,user029,2012/3/1 13:00:28,user029,7,105,105,1234595,This is a note 29,FALSE,,
30,30000,1,2012/3/1 13:00:29,user030,2012/3/1 13:00:29,user030,7,106,106,1234596,This is a note 30,FALSE,,
31,31000,1,2012/3/1 13:00:30,user031,2012/3/1 13:00:30,user031,6,106,106,1234597,This is a note 31,FALSE,,
32,32000,1,2012/3/1 13:00:31,user032,2012/3/1 13:00:31,user032,6,107,107,1234598,This is a note 32,FALSE,,
33,33000,1,2012/3/1 13:00:32,user033,2012/3/1 13:00:32,user033,7,108,108,1234599,This is a note 33,FALSE,,
34,34000,1,2012/3/1 13:00:33,user034,2012/3/1 13:00:33,user034,7,106,106,1234600,This is a note 34,FALSE,,
35,35000,1,2012/3/1 13:00:34,user035,2012/3/1 13:00:34,user035,8,107,107,1234601,This is a note 35,FALSE,,
36,36000,1,2012/3/1 13:00:35,user036,2012/3/1 13:00:35,user036,8,107,107,1234602,This is a note 36,FALSE,,
37,37000,1,2012/3/1 13:00:36,user037,2012/3/1 13:00:36,user037,7,108,108,1234603,This is a note 37,FALSE,,
38,38000,1,2012/3/1 13:00:37,user038,2012/3/1 13:00:37,user038,7,109,109,1234604,This is a note 38,FALSE,,
39,39000,1,2012/3/1 13:00:38,user039,2012/3/1 13:00:38,user039,8,107,107,1234605,This is a note 39,FALSE,,
40,40000,1,2012/3/1 13:00:39,user040,2012/3/1 13:00:39,user040,8,108,108,1234606,This is a note 40,FALSE,,
41,41000,1,2012/3/1 13:00:40,user041,2012/3/1 13:00:40,user041,9,108,108,1234607,This is a note 41,FALSE,,
42,42000,1,2012/3/1 13:00:41,user042,2012/3/1 13:00:41,user042,9,109,109,1234608,This is a note 42,FALSE,,
43,43000,1,2012/3/1 13:00:42,user043,2012/3/1 13:00:42,user043,8,110,110,1234609,This is a note 43,FALSE,,
44,44000,1,2012/3/1 13:00:43,user044,2012/3/1 13:00:43,user044,8,108,108,1234610,This is a note 44,FALSE,,
45,45000,1,2012/3/1 13:00:44,user045,2012/3/1 13:00:44,user045,9,109,109,1234611,This is a note 45,FALSE,,
46,46000,1,2012/3/1 13:00:45,user046,2012/3/1 13:00:45,user046,9,109,109,1234612,This is a note 46,FALSE,,
47,47000,1,2012/3/1 13:00:46,user047,2012/3/1 13:00:46,user047,10,110,110,1234613,This is a note 47,FALSE,,
48,48000,1,2012/3/1 13:00:47,user048,2012/3/1 13:00:47,user048,10,111,111,1234614,This is a note 48,FALSE,,
49,49000,1,2012/3/1 13:00:48,user049,2012/3/1 13:00:48,user049,9,109,109,1234615,This is a note 49,FALSE,,
50,50000,1,2012/3/1 13:00:49,user050,2012/3/1 13:00:49,user050,9,110,110,1234616,This is a note 50,FALSE,,
